"id","site","job_url","job_url_direct","title","company","location","date_posted","job_type","salary_source","interval","min_amount","max_amount","currency","is_remote","job_level","job_function","listing_type","emails","description","company_industry","company_url","company_logo","company_url_direct","company_addresses","company_num_employees","company_revenue","company_description","skills","experience_range","company_rating","company_reviews_count","vacancy_count","work_from_home_type"
"zr-XK_wnFUTZ5zP8WJDriBiYw","zip_recruiter","https://www.ziprecruiter.com/jobs//j?lvk=XK_wnFUTZ5zP8WJDriBiYw","","Construction Project Manager","Gen Elite Staffing ","Newark, NJ, USA","2025-03-26","fulltime","direct_data","yearly",90000.0,110000.0,"USD","","","","subs_fulfillment","","Job Description
 



 Skills:
 



 Qualifications:
 



**Role Description: Project Manager** 
 We seek an experienced Project Manager to join our team. This is a full\\-time position. The Project Manager will oversee building restoration and maintenance projects within the commercial sector, ensuring timely execution, cost\\-effective solutions, and adherence to safety and quality standards. You will manage project logistics, conduct inspections, and coordinate teams to deliver successful outcomes.
   

**Key Responsibilities:** 
  

 \\- Lead the planning, scheduling, and execution of building restoration projects
   

 \\- Oversee project expediting to ensure all tasks are completed within set timelines
   

 \\- Manage logistics, including material procurement and resource allocation
   

 \\- Conduct inspections to ensure work meets regulatory standards and client expectations
   

 \\- Collaborate with various teams, subcontractors, and clients to ensure smooth project flow
   

 \\- Monitor project budgets, control costs, and mitigate risks
   

 \\- Ensure all safety protocols and regulatory compliance measures are followed
   

 \\- Provide clear communication to stakeholders regarding project status and developments
   

**Qualifications** 
  

 \\- Minimum of 7 years of experience in Project Management within the construction or restoration industry \\[applicants with less experience will not be considered]
   

 \\- Strong skills in expediting and managing complex logistics
   

 \\- Proficiency in conducting inspections to ensure compliance with building codes and safety regulations
   

 \\- Excellent organizational and communication abilities
   

 \\- Ability to lead and work effectively in a team\\-oriented environment
   

 \\- Knowledge of building restoration processes and practices, particularly in the commercial sector
   

 \\- Proficiency in Procore or other project management software is a strong plus
   

 \\- Bachelor's degree in Civil Engineering, Construction Management, or a related field
   

 \\- Familiarity with NYC building codes and regulations is a plus
   

**Why Join our client?** 
  

 \\- A collaborative and innovative work environment
   

 \\- Competitive salary and benefits package
   

 \\- Opportunities for professional development and growth
   

 \\- The chance to work on high\\-impact projects that make a difference for our customers
 





### About Gen Elite Staffing :




 The hiring company specializes in transportation projects, emphasizing quality, innovation, and collaboration. They invest in employee growth through training, mentorship, and competitive benefits. The company values strong leadership and encourages staff to engage with clients and stakeholders to ensure project success.","","","","","","","","","","","","","",""
"zr-Bg5nsQ3WHb5lk6jehl3t-Q","zip_recruiter","https://www.ziprecruiter.com/jobs//j?lvk=Bg5nsQ3WHb5lk6jehl3t-Q","","Bare Metal Platform Engineer","Rackdog","New York, NY, USA","2025-03-26","fulltime","direct_data","yearly",100000.0,180000.0,"USD","","","","subs_fulfillment","","**The Role** 




 Ever wondered what goes on under the hood when you spin up a container or instance on a cloud provider? We're seeking a motivated software developer with curiosity for infrastructure automation. You'll be tasked with building the core system that will power our infrastructure platform. In addition to creating the ideal developer experience for companies trying to run their applications you'll develop the software layer that transforms our physical infrastructure into programmable resources. 
 



**Key Responsibilities** 



* Design and develop RESTful APIs that enable programmatic control of our infrastructure
* Build automation systems to manage the lifecycle of physical servers
* Create control plane software to handle provisioning, networking, and resource management
* Implement software that simplifies complex infrastructure tasks for customers
* Develop integration points between our platform and customer deployment tools



**Technical Requirements** 



* Strong software development skills in a systems language (Go, Rust, Python, Java)
* Experience building and designing APIs and service\\-oriented architectures
* Knowledge of infrastructure components (Storage, BIOS, BMC, NIC)
* Familiarity with containerization and orchestration concepts (Docker, Kubernetes)
* Understanding of authentication, authorization, and API security



**What Sets You Apart** 



* Previous experience developing infrastructure management software
* Knowledge of infrastructure\\-as\\-code principles and implementations (Terraform)
* Background in designing developer\\-friendly interfaces and workflows
* Experience with Redfish/IPMI/PXE



**What We Offer** 



* Salary Range \\= $100,000 \\- $180,000 \\+ Equity
* Health insurance coverage
* Opportunity to solve challenging problems with modern approaches



 We're focused on building software that makes infrastructure easy to use without sacrificing power or flexibility. If you're excited about creating systems that bridge the gap between raw hardware and intuitive developer experiences, join us in reshaping how businesses deploy and manage infrastructure.
 





### About Rackdog:




 Rackdog provides bare metal and virtual server solutions for businesses to scale their applications reliably, affordably, and globally. We're transforming into an engineering\\-first company focused on building software that makes infrastructure simple and intuitive. Our mission is to develop a platform that delivers the power of bare metal with the ease of use customers expect from modern cloud services.","","","","","","","","","","","","","",""
"zr-i1I9wyJT-WJ4JrptxWORHw","zip_recruiter","https://www.ziprecruiter.com/jobs//j?lvk=i1I9wyJT-WJ4JrptxWORHw","","Software Engineering Manager Remote","Computer Services and Support company","Manhattan, NY, USA","2025-03-26","contract","direct_data","hourly",55.0,62.0,"USD","","","","subs_fulfillment","","**Software Engineering Manager – Contract (Remote)** 




 ·         Contract length: end of June 2025, could be July
 



 ·         Fully Remote: stick with Eastern and Central Time Zones (will be working with people in the UK)
 



 ·         Skills: Software architecture, Cloud, Java, problem solving,. Won’t  doing much development, but can orchestrate architecture, code quality, keep team running. Needs someone who doesn’t need to be managed, that can jump right in. They will be quarterbacking, responsible for delivery…
 



 ·         Education: Computer Science degree, but could consider other degrees","","","","","","","","","","","","","",""
"zr-3qDig9jTzHlPczfiUZEuUg","zip_recruiter","https://www.ziprecruiter.com/jobs//j?lvk=3qDig9jTzHlPczfiUZEuUg","","Full Stack .NET Developer with Business Analyst Experience","Hire IT People Inc","Jersey City, NJ, USA","2025-03-26","contract","direct_data","hourly",65.0,70.0,"USD","","","","subs_fulfillment","","**Job Title: Full Stack .NET Developer with Business Analyst Expertise** 




 Location: NY / NJ Area – Hybrid or Onsite Preferred
 



 Type: Full\\-Time (Contract\\- to \\- Hire)
 



 Experience: Minimum 10\\+ Years Required
 



  
 



**About the Role:** 




 We are hiring a senior\\-level Full Stack Developer who can wear two hats: an experienced .NET developer and a capable Business Analyst. This individual will work closely with in\\-house lead developers, support internal systems and customer\\-facing applications, and eventually coordinate offshore resources. The ideal candidate takes ownership, communicates effectively, and can translate business requirements into functional solutions.
 



  
 



**Key Responsibilities:** 




 • Lead full\\-stack development using .NET/C\\#, React, React Native, SQL Server, and PostgreSQL
 



 • Gather and translate business requirements into technical deliverables
 



 • Write and optimize SQL queries, procedures, and handle data modeling
 



 • Act as a liaison between internal stakeholders and development teams
 



 • Coordinate with future offshore developers to ensure knowledge sharing and workload continuity
 



 • Provide technical input while suggesting improvements to business workflows
 



 • Handle light AWS server\\-side configurations when necessary
 



  
 



**Required Technical Skills:** 




 • 7\\+ years of experience in software development
 



 • Strong backend expertise in .NET/C\\#
 



 • Proficient in SQL Server and PostgreSQL
 



 • Front\\-end experience with React and React Native
 



 • Familiarity with REST APIs and Git
 



 • Exposure to AWS environments (server setup, configuration)
 



  
 



**Required Business Skills:** 




 • Strong experience gathering and analyzing business requirements
 



 • Ability to interface with both technical and non\\-technical stakeholders
 



 • Comfortable driving clarity, writing specs, and ensuring solutions meet business needs
 



 • Exceptional communication skills — verbal and written
 



 • Professional, proactive, and solution\\-oriented mindset
 



  
 



**Preferred:** 




 • Prior experience in healthcare or pharmacy systems (HL7 exposure a plus)
 



 • U.S.\\-based H\\-1B candidates welcome (visa and green card sponsorship available)
 



 • Willingness to work hybrid or onsite as needed.
   

  

**Education:** 
  

 Bachelor's degree in information Technology or related field or equivalent experience required.
   

  
 





### About Hire IT People Inc:




 Hire IT People, Inc provides full time and contractual IT staffing nationwide. We presently provide services to several governments and state agencies, Fortune 500 companies, and leading mid\\-market companies in several including healthcare, insurance, retail, state/governments.
   

  

 We serve Government agencies, Fortune 500 and leading mid\\-market companies across every Industry
   

 Our candidate network includes thousands in our database and targeted networks including top social sites
   

 We gather information about your future hiring needs to perform a pro\\-active search, we mostly work with local candidates
   

  

 Our cutting\\-edge recruitment tools help minimize the complexities of hiring and reaching the right talent
   

 We can provide experienced IT Professionals for your IT Projects covering most Technologies and roles","","","","","","","","","","","","","",""
"zr-AA2s0AtvvJRbIMLXC_ssWg","zip_recruiter","https://www.ziprecruiter.com/jobs//j?lvk=AA2s0AtvvJRbIMLXC_ssWg","","Senior Software Engineer, Full Stack (Bank Modernization)","Capital One","New York, NY, USA","2025-03-26","","","","","","","","","","agency","","Senior Software Engineer, Full Stack (Bank Modernization)
 












 Do you love building and pioneering in the technology space? Do you enjoy solving complex business problems in a fast\\-paced, collaborative, inclusive, and iterative delivery environment? At Capital One, you'll be part of a big group of makers, breakers, doers and disruptors, who solve real problems and meet real customer needs.  We are seeking Back End Software Engineers who are passionate about marrying data with emerging technologies. As a Capital One Software Engineer, you’ll have the opportunity to be on the forefront of driving a major transformation within Capital One. 
 










 Capital One is making a multi\\-year investment to modernize our core platforms. We are building out new teams who will have the opportunity to work with cutting\\-edge technologies and shape the future of workflow automation in our organization. As a new hire on the Bank Modernization teams within Bank Tech, you will contribute to the design and development of key components within this new core platform. You will also collaborate with cross functional teams, driving innovation that directly impacts business operations, efficiency and customer satisfaction. 
 







 What You’ll Do: 
 


* Collaborate with and across Agile teams to design, develop, test, implement, and support technical solutions in full\\-stack development tools and technologies
* Share your passion for staying on top of tech trends, experimenting with and learning new technologies, participating in internal \\& external technology communities, mentoring other members of the engineering community
* Collaborate with digital product managers, and deliver robust cloud\\-based solutions that drive powerful experiences to help millions of Americans achieve financial empowerment
* Utilize programming languages like Java, React.js TypeScript, SQL, Python, and Go, Open Source RDBMS and NoSQL databases, Container Orchestration services including Docker and Kubernetes, and a variety of AWS tools and services







 Basic Qualifications: 
 


* Bachelor’s Degree
* At least 3 years of experience in software engineering (Internship experience does not apply)







 Preferred Qualifications:
 


* 5\\+ years of experience in at least one of the following: Java, React.js TypeScript, SQL, Python, or Go
* 1\\+ years of experience with AWS, GCP, Microsoft Azure, or another cloud service
* 3\\+ years of experience in open source frameworks
* 2\\+ years of experience in Agile practices







*At this time, Capital One will not sponsor a new applicant for employment authorization, or offer any immigration related support for this position (i.e. H1B, F\\-1 OPT, F\\-1 STEM OPT, F\\-1 CPT, J\\-1, TN, or another type of work authorization).* 












 The minimum and maximum full\\-time annual salaries for this role are listed below, by location. Please note that this salary information is solely for candidates hired to perform work within one of these locations, and refers to the amount Capital One is willing to pay at the time of this posting. Salaries for part\\-time roles will be prorated based upon the agreed upon number of hours to be regularly worked.
 






 McLean, VA: $158,600 \\- $181,000 for Senior Software Engineer
 
  

  
 


 New York, NY: $173,000 \\- $197,400 for Senior Software Engineer
 
  

  
 



  

  
 



  

  
 



  

  
 



  

  
 



  

  
 



  

  
 



  

  
 



  

  
 







 Candidates hired to work in other locations will be subject to the pay range associated with that location, and the actual annualized salary amount offered to any candidate at the time of hire will be reflected solely in the candidate’s offer letter.
 






 This role is also eligible to earn performance based incentive compensation, which may include cash bonus(es) and/or long term incentives (LTI). Incentives could be discretionary or non discretionary depending on the plan.
 




 Capital One offers a comprehensive, competitive, and inclusive set of health, financial and other benefits that support your total well\\-being. Learn more at the Capital One Careers website. Eligibility varies based on full or part\\-time status, exempt or non\\-exempt status, and management level.
 






 This role is expected to accept applications for a minimum of 5 business days.
 







 No agencies please. Capital One is an equal opportunity employer committed to diversity and inclusion in the workplace. All qualified applicants will receive consideration for employment without regard to sex (including pregnancy, childbirth or related medical conditions), race, color, age, national origin, religion, disability, genetic information, marital status, sexual orientation, gender identity, gender reassignment, citizenship, immigration status, protected veteran status, or any other basis prohibited under applicable federal, state or local law. Capital One promotes a drug\\-free workplace. Capital One will consider for employment qualified applicants with a criminal history in a manner consistent with the requirements of applicable laws regarding criminal background inquiries, including, to the extent applicable, Article 23\\-A of the New York Correction Law; San Francisco, California Police Code Article 49, Sections 4901\\-4920; New York City’s Fair Chance Act; Philadelphia’s Fair Criminal Records Screening Act; and other applicable federal, state, and local laws and regulations regarding criminal background inquiries.
 








 If you have visited our website in search of information on employment opportunities or to apply for a position, and you require an accommodation, please contact Capital One Recruiting at 1\\-800\\-304\\-9102 or via email at RecruitingAccommodation@capitalone.com. All information you provide will be kept confidential and will be used only to the extent required to provide needed reasonable accommodations.
 







 For technical support or questions about Capital One's recruiting process, please send an email to Careers@capitalone.com
 







 Capital One does not provide, endorse nor guarantee and is not liable for third\\-party products, services, educational tools or other information available through this site.
 







 Capital One Financial is made up of several different entities. Please note that any position posted in Canada is for Capital One Canada, any position posted in the United Kingdom is for Capital One Europe and any position posted in the Philippines is for Capital One Philippines Service Corp. (COPSSC).","","","","","","","","","","","","","",""
"zr-oJF3rbiW2bIxOYCbQZZLqw","zip_recruiter","https://www.ziprecruiter.com/jobs//j?lvk=oJF3rbiW2bIxOYCbQZZLqw","","Assistant Project Manager","Prestige Lighting","Brooklyn, NY, USA","2025-03-26","fulltime","direct_data","hourly",25.0,30.0,"USD","","","","subs_fulfillment","","Job description
 



**Overview** 
  

 We are seeking a motivated and detail\\-oriented Project Assistant to support our project management team in the successful execution of Lighting Industry projects. The ideal candidate will possess a strong understanding of project coordination and construction management, with proficiency in relevant software tools. This role is essential in ensuring that projects are completed on time, within scope, and to the highest quality standards.
 



**Duties** 



* Assist in the coordination and management of Lighting projects from inception to completion.
* Utilize construction management software to track project progress and maintain documentation.
* Collaborate with project managers to develop and update project schedules using .
* Prepare and review schematics and blueprints to ensure alignment with project requirements.
* Support the estimation process by gathering necessary data for construction estimating.
* Maintain clear communication with team members, subcontractors, and clients on project updates and timelines.
* Organize project meetings, take minutes, and follow up on action items to ensure accountability.
* Monitor project timelines and assist in time management to prevent delays.
* Conduct site visits to assess progress and address any issues that may arise on the construction site.



**Qualifications** 



* Experience or coursework in project management or a related field is preferred.
* Familiarity with construction management software such as is highly desirable.
* Strong organizational skills with an emphasis on project coordination.
* Ability to read and interpret construction schematics effectively.
* Excellent time management skills to handle multiple tasks efficiently.
* Knowledge of construction estimating processes is a plus.
* Strong communication skills, both verbal and written, for effective collaboration with team members and stakeholders.
* A proactive approach to problem\\-solving and attention to detail.



 If you are passionate about supporting construction projects and eager to contribute to a dynamic team environment, we encourage you to apply for this exciting opportunity as a Project Assistant.
 



 Job Type: Full\\-time
 



 Pay: From $28\\.00 per hour
 



 Expected hours: 40 per week
 



 Schedule:
 



  
 


* 8 hour shift



  
 



 Ability to Commute:
 



  
 


* Brooklyn, NY 11233 (Required)



  
 



 Ability to Relocate:
 



  
 


* Brooklyn, NY 11233: Relocate before starting work (Required)



  
 



 Work Location: In person
 





### About Prestige Lighting:




 Prestige Lighting is an authorized and premier distributor of advanced lighting fixtures, lighting controls, and smart technologies, offering products from the industry’s leading national and international brands. Based in Brooklyn, NY, we are equipped with an expert team specializing in lighting specifications, lighting controls and smart technology, as well as a dedicated tech support team that can assist with everything from wiring diagrams to integrating smart controls tailored to your project’s lighting and technology needs. Our additional facilities, spanning over 150,000 s/f in West Haven, CT, allow us to be one of the most trusted names in lighting distribution, specializing in residential, industrial, and commercial projects. With our extensive inventory and reliable delivery systems, we are especially well prepared to manage large\\-scale projects without relying on drop shipping, providing the flexibility to handle on\\-demand deliveries and inventory storage.
   

  

 At Prestige Lighting, we take pride in offering not only beautiful, high\\-quality lighting fixtures but also cutting\\-edge lighting controls and smart technologies with an emphasis on functionality and sustainability. We stay ahead of market trends by providing state\\-of\\-the\\-art solutions for all lighting and controls requirements, ensuring that we meet the diverse needs of our clients. Whether it’s an advanced lighting automation system or the latest in energy\\-saving technologies, we offer solutions to fit every budget.
   

  

 We serve a wide range of projects, including new construction, building renovations, and facility maintenance. Our diverse clientele includes developers, general contractors, electrical contractors, architects, designers, decorators, and homeowners.
   

  

 Customer satisfaction is at the heart of everything we do. Our repeat customers and strong recommendations are a testament to our exceptional service. We collaborate closely with clients to understand their specific needs and provide personalized solutions incorporating the latest in lighting and smart technologies. Our knowledgeable in\\-house sales team is always available to assist, ensuring a seamless, hassle\\-free experience and the highest level of satisfaction.
   

  

 Our core values drive our business and guide us in everything we do. We hold ourselves to the highest ethical standards and personal integrity, ensuring that we consistently deliver products and services of the highest quality. At Prestige Lighting, we are committed to advancing the future of lighting through innovation and smart technologies that enhance the way we live and work.","","","","","","","","","","","","","",""
"zr-H2hokUQTswJU7H2Ph1hYwg","zip_recruiter","https://www.ziprecruiter.com/jobs//j?lvk=H2hokUQTswJU7H2Ph1hYwg","","Applied Science Engineer Intern (Summer 2025)","USA Thornton Tomasetti, Inc.","New York, NY, USA","2025-03-26","","direct_data","hourly",25.0,35.0,"USD","","","","direct","","**Thornton Tomasetti** 
 applies engineering and scientific principles to solve the world's challenges. An independent organization of creative thinkers and innovative doers collaborating from offices worldwide, our mission is to bring our clients' ideas to life and, in the process, lay the groundwork for a better, more resilient future. We provide support and opportunities to our employees to achieve their full potential and cultivate a rewarding career.
   

  

 Our
 **Applied Science** 
 practice leverages a unique combination of technologies and expertise to engineer practical solutions to problems of national and international importance. We apply expertise in solid and fluid dynamics, materials science, acoustics, risk assessments, and computational simulation methods to solve complex problems. We perform research, mathematical modeling, software development, and design to manage risks to life safety in military platforms and installations, ships and submarines, critical infrastructure, tall buildings, public facilities, industrial and petrochemical plants, and automotive and airborne vehicles. Military, government, corporate, and academic clients value the validation of Applied Science's software and the critical insights gained from correlating analysis with testing.
   

  

**The Role** 
  

  

 We have an opportunity for an Engineer Intern for our Applied Science Practice.
   

  

**Responsibilities** 
  

* We are supporting some phases of the engineering and design analysis for various industrial and laboratory projects ranging from programming through construction administration, under the supervision of a licensed professional engineer.
* Researching and interpreting applicable codes and standards.
* Coordinates and guides preparation of construction documents with BIM staff and internal quality staff.


  

  

**Requirements** 
  

* Undergraduate or graduate student specializing in engineering, applied mechanics, or a related field.
* Excellent academic record.
* Experience in Revit, Microstation, and AutoCAD is helpful but not required.
* EIT is not a requirement, but a plus.


  

  

**Compensation** 
  

 The rate for this position generally is $25 \\- $35 hourly. This range is a good faith estimate provided pursuant to the New York Pay Transparency Law. It is based on what a successful New York applicant might be paid and assumes that the successful candidate will be in New York or perform the position from New York. Similar positions located outside of New York will not necessarily receive the same compensation. Actual pay rates may vary from the range, as permitted by New York Equal Pay Transparency Law. Compensation offers will be based on various factors, including operational needs, individual education, qualifications and experience, work location and comparison to employee already in the role, as well as other considerations permitted by law. A potential new employee's pay history will not be used in compensation decisions.
   

  

**Benefits** 
  

  

 Depending on your employment status, benefits may include:
   

* Medical, Dental, Vision, Life, AD\\&D, Disability and other voluntary benefits
* Flexible Spending Accounts for Medical and Childcare
* Paid Time Off, Family Leave for New Parents, Volunteer Time
* Tuition Reimbursement
* Commuter Transit (where available)
* 401k retirement savings with Company matching on employee contributions and/or qualified student loan repayments
* Fitness Reimbursement
* And other various wellness, diversity/inclusion and employee resource programs and initiatives


  

 Pursuant to the San Francisco Fair Chance Ordinance, we will consider for employment qualified applicants with arrest and conviction records.
   

  

 Thornton Tomasetti is proud to be an equal employment workplace. Individuals seeking employment at Thornton Tomasetti are considered without regards to age, ancestry, color, gender (including pregnancy, childbirth, or related medical conditions), gender identity or expression, genetic information, marital status, medical condition, mental or physical disability, national origin, protected family care or medical leave status, race, religion (including beliefs and practices or the absence thereof), sexual orientation, military or veteran status, or any other characteristic protected by federal, state, or local laws.
   

  

**Thornton Tomasetti Global Terms of Use and Privacy Statement** 
  

  

 Carefully read these Terms of Use before using this website. Your access to and use of this website and application for a job at Thornton Tomasetti are conditioned on your acceptance and compliance with these terms.
   

  

 Please access the linked document by clicking here, select the country where you are applying for employment, and review. Before submitting your application you will be asked to confirm your agreement with the terms.
   

  

**Beware Of Recruitment Fraud:** 
 Scammers may attempt to impersonate Thornton Tomasetti. Messages from our firm come only from the ThorntonTomasetti.com domain, Thornton Tomasetti does not use any third\\-party recruiters. When in doubt, please contact us through our web form here and see how you can protect yourself online here.","","","","","","","","","","","","","",""
"zr-kWdg84gX3ucypGgSQYtOjg","zip_recruiter","https://www.ziprecruiter.com/jobs//j?lvk=kWdg84gX3ucypGgSQYtOjg","","Senior Software Engineer","CONTRACT PHARMACAL CORP","Hauppauge, NY, USA","2025-03-26","","direct_data","yearly",180000.0,215000.0,"USD","","","","organic","","Description:
 
**Position Summary:** 




 The Senior Software Engineer is responsible for developing software to deliver high\\-quality, innovative software solutions for CPC’s e\\-commerce platforms, in\\-house ERP design \\& implementation, and blockchain technology. This role involves full\\-stack development, blockchain integration, DevOps, and leading best practices in software architecture and engineering.
 



  





**Responsibilities** 
 : include but are not limited to \\-
 


* Develop and maintain responsive UIs using React, TypeScript, and Material UI, ensuring seamless integration with backend services and a strong user experience.
* Collaborate with designers and marketing teams on UI/UX improvements, SEO\\-driven content, and website maintenance, including regular updates to themes and plugins.
* Design, develop, and optimize RESTful APIs and microservices using Node.js, NestJS, PostgreSQL, and Prisma ORM, ensuring data integrity and scalability.
* Manage the design, implementation, and maintenance of the in\\-house ERP system and e\\-commerce platforms, supporting business operations and integrations.
* Oversee the company’s blockchain and NFT program, ensuring secure implementation and best practices in cryptographic protocols.
* Work with Ethereum and Layer 2 solutions, integrating smart contracts and blockchain technologies using Solidity, Ethers.js, and Web3\\.js.
* Implement and maintain CI/CD pipelines and containerized applications with Docker to streamline deployments and system reliability.
* Develop and enforce software development best practices, including unit/integration testing, coding standards, and version control.
* Troubleshoot and resolve stack\\-wide performance, security, and functionality issues.
* Work closely with key stakeholders to translate business requirements into scalable technical solutions, aligning development with company objectives.
* Stay up to date with emerging technologies and industry trends, incorporating advancements into system architecture and business operations.
* Provide strategic recommendations and scope for new site developments, feature enhancements, and infrastructure improvements.
* Other projects and duties as assigned by senior management.


 Requirements:
 
**Education and Experience:** 



* Bachelor's or Master's degree in Computer Science, Software Engineering, or a related field.
* 5\\+ years of experience as a Full\\-Stack developer; experience leading and managing a team preferred.
* Strong expertise in TypeScript, JavaScript, React, Node.js, NestJS, PostgreSQL, and Prisma ORM.
* Hands\\-on experience integrating blockchain technologies, smart contracts, and cryptographic protocols.
* Experience with Docker, CI/CD pipelines, and Agile methodologies.
* Strong track record of delivering high\\-quality software solutions on time and on budget.



**Skills, Abilities, and Knowledge:** 



* Knowledge of other blockchain platforms (e.g., Solana, Polkadot).
* Experience in mobile development, WebSockets, or image processing.
* Knowledge of e\\-commerce systems such as payment gateways, shopping cart systems, and CRM systems.
* Excellent communication and leadership skills, with the ability to work effectively in a team environment.
* Strong analytical, reasoning and problem\\-solving skills.
* Ability to translate and summarize complex data into understandable, actionable information and recommendations.
* Ability to prioritize assignments and meet deadlines in a fast\\-paced and growth\\-oriented environment.



**Physical Demands:** 



* Required to use hands to operate computer controls.
* Specific vision abilities required include close vision, ability to focus.
* While performing the duties of this job, the employee is regularly required to stoop, kneel, crouch, stand, bend, sit, talk, hear or walk for long periods. The employee may lift and/or move up to 50 lbs.



**Work Environment:** 



* Employee travel/work hours/schedule/location and/or shift are subject to change based on business needs and Management discretion.
* Potential to move between production operation sites/areas to complete job functions.
* Work locations are subject to change as needed to meet business requirements.



**Supervisory Responsibilities:** 



* May be responsible for managing IT employees.



**Personal Protective Equipment or Attire Required for Position:** 



* Gowning as required by GMPs and/or SOPs.



**Pay Range** 
**:** 




 $180,000 \\- $215,000 per year","","","","","","","","","","","","","",""
"zr-e6OqFHqO0tnI3-XRE0B6Xg","zip_recruiter","https://www.ziprecruiter.com/jobs//j?lvk=e6OqFHqO0tnI3-XRE0B6Xg","","MAC Technician (261065)","ASK Consulting","New York, NY, USA","2025-03-26","contract","direct_data","hourly",25.0,25.0,"USD","","","","subs_fulfillment","","**""All candidates must be directly contracted by ASK Consulting on their payroll and cannot be subcontracted. We are unable to provide sponsorship at this moment"".** 




**Job Title: MAC Technician** 




**Location: New York, NY 10019** 




**Duration: 6 months** 




**Pay Range: $25/hr. on w2** 




**Job Description** 
 :  
   

 Must have (MAC Skills and experience, MAC OS, Windows 10/11 with Ventura, Monterey, and Sonoma)
 



 As a Field Engineer 3, you will perform activities associated with installing, diagnosing, maintaining and servicing computer\\-related products, including but not limited to desktop \\& laptop computers, printers, standard software, and/or depot locations. This is a journeyman position for the typical desk side support technician. You will be directed by Help Desk, Service Desk, or script using standard methods, techniques, and tools. You will also apply personal knowledge to resolve product support issues that could not be addressed by service desk. Your assignments will range in complexity from troubleshooting and repair including reloading and re\\-imaging of PCs/laptops. Occasional assistance with the server and/or network teams may be required, under direct instruction from those teams.
   

  

**Responsibilities:** 



* Provides support for software, hardware and networking support for desktops, laptops  Installs and maintains PCs and associated software, Performs installs, moves, adds and changes as required  Provides follow\\-up on problems or escalation. Maintains a high degree of professionalism in actions, demeanor and dress. Insures customer satisfaction throughout the service delivery transaction. Ensures client specific Service Level Agreements are met and incident and request tickets are updated accordingly within the ticketing system Provides support for software, hardware and networking support for desktops, laptops  Installs and maintains PCs and associated software, and peripherals  Performs installs, moves, adds and changes as required Provides follow\\-up on problems or escalation. Maintains a high degree of professionalism in actions, demeanor and dress. Insures customer satisfaction throughout the service delivery transaction. Ensures client specific Service Level Agreements are met and incident and request tickets are updated accordingly within the ticketing system Experience with Windows10/11 and Mac OSx 12\\.6 or later is a requirement.



**About ASK:** 
  ASK Consulting is an award\\-winning technology and professional services recruiting firm servicing Fortune 500 organizations nationally. With 5 nationwide offices, two global delivery centers, and employees in 42 states\\-ASK Consulting connects people with amazing opportunities
 



**ASK Consulting is an equal opportunity employer. We celebrate diversity and are committed to creating an inclusive environment for all associates.**","","","","","","","","","","","","","",""
"zr-lamwYHcLRnzTbpqWjpwLIg","zip_recruiter","https://www.ziprecruiter.com/jobs//j?lvk=lamwYHcLRnzTbpqWjpwLIg","","Audio Engineer","Green House Recording Studio","Lyndhurst, NJ, USA","2025-03-25","other","direct_data","hourly",25.0,25.0,"USD","","","","subs_fulfillment","","***""For Artist, By Artist.""***




**Green House is New Jersey’s Premier Recording \\| Music Production Studio.** 
 Currently scouting for our 
 ***Audio Engineering***
  
 **Role \\-** 




 \\+
 



**Before Applying:** 
  To be considered for this position, you will need to have 
 *demonstrated e* 
 xperience with studio operations and client management. 
 *The desired candidate will have established their own clientele, in addition to taking on a range of new talent.* 




**You will be working onsite in Lyndhurst, New Jersey one\\-on\\-one** 
 with our Clients to provide the best recording 
 *(distribution)* 
 quality for their artistic projects; able to offer further creative consult when requested. 
 **To be considered for this role you** 
  
 **MUST have** 
 : reliable transportation, a high\\-level of professionalism and interpersonal skills.
 



**\\* \\* \\* \\* Please review the following GENERAL requirements \\& information. It's to be assumed you have base\\-level Audio Engineering capabilities \\* \\* \\* \\*** 




**Responsibilities \\-** 



* Arrive onsite, on time, ready to work the session.
* Setup audio equipment \\+ audit prior to use.
* Connect with Clients in a professional manner: gain understanding of 
 *their* 
 artistic process, goals for the session and communicate collaboratively.
* Maintain schedules and timeframes for sessions.
* **Record, mix \\& deliver Artist's** 
***(session)***
**material within agreed upon timeframes.**
* Provide consult 
 **\\*** 
 and/or feedback if/when appropriate or requested by the Artist to ensure project quality \\& satisfaction.
* General dedication \\| reliability \\| discretion 
 **\\***



**Requirements \\-** 



* Keen attention to detail \\+ well\\-balanced hearing.
* Degree, Certification or 
 **equivalent experience** 
  in Audio Engineering.
* **Experience with setup \\& operation** 
  of sound equipment and technologies: for 
 *live studio sessions* 
  and/or post\\-production to ensure the best acoustic result.
* Proficiency in pre \\& post\\-production creative workflows.
* Proficiency in recording software (e.g. Logic Pro, ProTools etc.)
* Proficiency with relevant technologies (e.g. Patch Bays, Waves Plug\\-Ins etc.)
* Manage multiple projects while adhering to established timelines and budgets.
* Ability to lift up to 50lbs., walk up/down stairs and remain seated/focused for extended periods.
* Experience in auditing and maintaining studio equipment (e.g. microphones, headphones, speakers, lighting, cables etc.)



**Additional \\-** 



* Experience with setup \\& operation of sound equipment and technologies: for 
 *remote/virtual studio sessions* 
  and/or post\\-production.
* Experience with videography, photography and/or editing software for the aforementioned.
* Proactive in solving problems and supporting overall studio efficiency.
* Support in marketing efforts and sales goals for the studio \\& partnered staff.
* Active in pursuit of continued education regarding relevant technologies, industry trends and techniques.



**Why Apply ?** 




 Join our team \\& you'll work alongside Grammy award\\-winning songwriters, producers and label executives. Grow your clientele with the backing of Green House's network.
 



 \\+
 



**More Information \\-** 



* **We are actively scouting for an Audio Engineer as of March 2025\\. Please apply for this position on Indeed.** 
  If you send cv/resumes via direct Email or Socials ... you may experience a delay in response.
* *If you believe you're a good fit for this role but don't meet all requirements, we encourage you to apply with mention of your social handles and/or portfolio \\+ relevant referrals.*
* Interviews will be conducted in rounds with a standard virtual pre\\-screening, followed by an onsite demonstration of your skills.



 \\* 
 **Consult \\=** 
 Collaborate, make suggestions when appropriate and engage fully to ensure the Artist is supported \\+ making the best use of their session time.
 



 \\* 
 **Discretion \\=** 
 If you are selected for this role, you will be required to sign a legally binding Non\\-Disclosure Agreement (NDA) in compliance with New Jersey state laws.
 



 \\+
 



 Job Type: Part\\-time, Contract
 



 Pay: $25\\.00 per hour
 



 Benefits:
 


* Employee discount
* Flexible schedule



 Schedule:
 


* Choose your own hours
* Extended hours
* On call



 Experience:
 


* Audio Engineering: 2 years (Required)



 Ability to Commute:
 


* Lyndhurst, NJ 07071 (Required)



 Work Location: In person
 





### About Green House Recording Studio:




 Green House is New Jersey’s Premier Recording \\| Music Production Studio.","","","","","","","","","","","","","",""
"zr-D75tq5nMAdhcAGSm7gm37A","zip_recruiter","https://www.ziprecruiter.com/jobs//j?lvk=D75tq5nMAdhcAGSm7gm37A","","Civil Engineer Land Development","DaeTel Engineering","Mountain Lakes, NJ, USA","2025-03-25","fulltime","direct_data","yearly",70000.0,90000.0,"USD","","","","subs_fulfillment","","**Role Description** 




 We are seeking a motivated Full\\-Time (On\\-Site)
 **Civil Site Engineer / Assistant Project Manager** 
  to join our dynamic team specializing in Land Development projects across New Jersey and New York. This role offers an excellent opportunity to contribute to Diverse Projects, including Residential, Commercial, and Industrial Developments. The role will be in our DaeTel Engineering Office located in Mountain Lakes / Parsippany, NJ. The Role involves Project Management, Coordination with Project Stakeholders, Quality Control Oversight, Civil Engineering Design / Planning, and collaborating with other Civil Engineers.
 



**Key Responsibilities:** 



* Conduct site feasibility studies, Site Investigation, and Due Diligence to ensure compliance with project Specifications and Local Regulations / Ordinances.
* Prepare Civil Engineering Designs and Plans, including Site Layout, Grading, Drainage, Utility Design and Soil Erosion \\& Sediment Control Plans using CAD software (e.g., AutoCAD Civil 3D).
* Project Management and Quality Control skills
* Participate in project meetings and contribute to problem\\-solving discussions.
* Collaborate with Senior Engineers, Architects, and Planners on Land Development Projects.
* Preparation of Permit Applications, Reports, and Engineering Calculations in compliance with local municipal, County (including SCD) and State requirements.
* Ability to Prepare construction documents, technical specifications, and cost estimates.
* Ability to Prepare NJDEP Flood Hazard Area (FHA), Treatment Work (TWA) \\& Sewerage Authority Applications
* Research and apply relevant local, state, and federal regulations affecting land development.
* Coordinate with utility companies, municipal staff, and other stakeholders to address project needs and resolve technical issues.



**Qualifications:** 



* Bachelor’s degree in Civil Engineering or a related field.
* Minimum 3 years of Experience in Civil engineering, with a focus on Civil Land development
* Proficiency in AutoCAD Civil 3D, HydroCAD, Storm Sewers, Bluebeam and other engineering software.
* Familiarity with Stormwater Management, Grading, and Drainage Design.
* Understanding of New Jersey\\-specific regulations, including NJDEP, NJDOT and local zoning codes
* Strong analytical, organizational, and problem\\-solving skills.
* Excellent written and verbal communication skills.
* Ability to work collaboratively in a team environment and manage time effectively.
* Experience in Structural Engineering a plus
* Experience in Construction / Architectural a plus



**Certifications:** 



* Engineer\\-In\\-Training (EIT) certification (required)
* Professional Engineer (PE) license is a plus or intent to obtain within one year
* OSHA 10\\-Hour Construction Safety Certification is a plus





### About DaeTel Engineering:




 DaeTel Engineering is a Civil Engineering Firm which engages in a wide range of Projects spanning from Infrastructure, Transportation Projects, Residential, Commercial, as well as Energy and Utilities Projects throughout the Nation. We are engage in all aspects of Engineering for both Infrastructure and Land Development including Utilities, Roadways, Drainage, Water, Sewer and Complex Stormwater Management Systems and Permitting.","","","","","","","","","","","","","",""
"zr-5NOnXCyJyZERTJe1Mm0Fkw","zip_recruiter","https://www.ziprecruiter.com/jobs//j?lvk=5NOnXCyJyZERTJe1Mm0Fkw","","Senior/Staff Platform Software Engineer","Privy","New York, NY, USA","2025-03-25","","direct_data","yearly",170000.0,250000.0,"USD","","","","organic","","As a Platform Engineer at Privy, you will help define how we build, deploy, and scale services that power tens of millions of users across thousands of customers\\-all within a rapidly growing engineering team.
   

  

 We believe that platform engineering is where backend engineering meets infrastructure engineering; it's about building the right abstractions, APIs, and developer tools that make shipping code seamless and scalable.
   

  

****What you'll do****
  




* Build and evolve core backend services and API platforms that serve billions of requests per month
* Design and maintain the systems that underpin our engineering velocity\\-deployment pipelines, CI/CD, and internal developer tools
* Lead efforts in observability, performance tuning, and reliability across our stack
* Shape our approach to scaling and securing multi\\-tenant architecture
* Advocate for strategic technical investments, balancing near\\-term shipping speed with long\\-term sustainability
* Design and implement product features end\\-to\\-end, driven by user needs


  

  

****What we're looking for****
  

* Experience building and maintaining a production system at scale
* An understanding of modern API development best practices and design
* Experience in building data models, managing database migrations and best practices, and infrastructure configuration
* Experience writing delightful developer documentation
* As comfortable writing APIs and logic as you are writing infrastructure\\-as\\-code


  

  

****Bonus points if you have...****
  

* Experience with React, Typescript, Next.js, AWS/Terraform, Vercel
* Past experience working in authentication or security


  

  

****Engineering at Privy****
  

  

 Engineering at Privy is not just about writing world\\-class code. We create software that turns complex technical systems into delightful developer tools. We assemble tried\\-and\\-true primitives into intuitive, responsive APIs and beautiful interfaces. We believe in open\\-source work and transparency with our teammates and users. We encourage each other to think big, run experiments and follow our curiosity so we can build better tooling that lets developers shine and empowers their users.
   

  

 Privy is an equal opportunity employer. We celebrate diversity and are committed to creating an inclusive environment for all employees, regardless of background, identity, or status.","","","","","","","","","","","","","",""
"zr-Sv6OEN9s3pw2ln-EllcGFg","zip_recruiter","https://www.ziprecruiter.com/jobs//j?lvk=Sv6OEN9s3pw2ln-EllcGFg","","Software Engineer","Aditi Consulting","Princeton, NJ, USA","2025-03-25","","direct_data","hourly",65.0,72.0,"USD","","","","organic","","**Payrate:** 
 $65\\.00 \\- $72\\.40/Hour
   

  

**Summary:** 
  

 Looking for a DevOps Engineer who has worked on CI/CD Pipelines and integrating SonarQube software in the pipeline
   

  

**Responsibilities:** 
* SonarQube Rollout: Work with multiple platforms across company to understand their CI/CD pipelines to ensure that SonarQube is integrated with them according to certain Enterprise Architectural Standards.
* CI/CD Groundwork: Research, automate, report, provision in the cloud, and manage releases in line with company Policies.
* Project coordination: Manage the rollout on multiple Platforms alongside other teams.
* Documentation: Write standards and documentation for these.


  

**Qualifications:** 
* 10\\+ years as a CI/CD engineer
* Excellent knowledge of: SonarQube, Jenkins, Git
* Excellent communication skills
* Excellent troubleshooting skills
* Good Python and shell scripting
* Preferably with CI/CD stack with Terraform, Containerization, Azure, Harness, Jira


  

  

***Pay Transparency:***
*The typical base pay for this role across the U.S. is:
 **$65\\.00 \\- $72\\.40** 
 per hour. Final offer amounts, within the base pay set forth above, are determined by factors including your relevant skills, education and experience and the benefits package you select. Full\\-time employees are eligible to select from different benefits packages. Packages may include medical, dental, and vision benefits, 10 paid days off, 401(k) plan participation, commuter benefits and life and disability insurance.* 
  

  

*For information about our collection, use, and disclosure of applicant's personal information as well as applicants' rights over their personal information, please see our Privacy Policy (https://www.aditiconsulting.com/privacy\\-policy).* 
  

  

*Aditi Consulting LLC uses AI technology to engage candidates during the sourcing process. AI technology is used to gather data only and does not replace human\\-based decision making in employment decisions. By applying to this position, you agree to Aditi’s use of AI technology including calls from an AI Voice Recruiter.* 
  

  

 \\#AditiConsulting","","","","","","","","","","","","","",""
"zr-xxi0SiMPpORa45U_lo1lbg","zip_recruiter","https://www.ziprecruiter.com/jobs//j?lvk=xxi0SiMPpORa45U_lo1lbg","","Controls Engineer (78917865B)","Commtech Services Inc","Denville, NJ, USA","2025-03-25","fulltime","direct_data","yearly",100000.0,125000.0,"USD","","","","subs_fulfillment","","**Overview:** 
  

 We are seeking an experienced
 **Electrical Controls Engineer** 
 to design, develop, and integrate electrical control systems for industrial machinery, automation, and high\\-speed processing equipment. This role involves programming PLCs, HMIs, and servo systems while ensuring compliance with industry standards. The engineer will collaborate with cross\\-functional teams to optimize system performance and provide technical support from design to implementation.
 



**Key Responsibilities:** 



* Design and develop electrical control systems, including PLC, HMI, and servo programs.
* Create electrical panel layouts, schematics, and BOMs.
* Integrate electrical controls with mechanical systems, sensors, and actuators.
* Troubleshoot, test, and debug equipment during manufacturing and pre\\-shipment.
* Ensure compliance with UL, NEMA, CE, and industry regulations.
* Conduct internal acceptance testing and support FAT/SAT procedures.
* Provide on\\-site customer support for installation and start\\-up.
* Maintain and update technical documentation and schematics.
* Collaborate with mechanical engineers, software developers, and project managers.
* Stay updated with industry trends and propose innovative solutions.



**Requirements:** 



* **Bachelor’s degree** 
 in Electrical Engineering or related field.
* **5\\+ years** 
 of experience in electrical control system design.
* Expertise in
 **PLC programming (Rockwell Allen\\-Bradley, FactoryTalk View Studio HMI)** 
 and
 **servo/AC/DC motor controls** 
 .
* Familiarity with
 **Lenze Motion Control for Variable Frequency Drives** 
 or equivalent.
* Proficient in
 **AutoCAD Electrical** 
 and
 **Microsoft Office Suite** 
 .
* Understanding of
 **industrial networking, motor controls, process controls, and automation principles** 
 .
* Experience with
 **regulatory standards (UL, NEC, IEC, CE)** 
 .
* Strong analytical, problem\\-solving, and troubleshooting skills.
* Ability to manage multiple projects and meet deadlines.
* Willingness to
 **travel domestically and internationally (10\\-15%)** 
 for customer support and installations.



 This role is ideal for a hands\\-on engineer with expertise in automation and industrial machinery, looking to drive innovation in a fast\\-paced environment.","","","","","","","","","","","","","",""
"zr-BngXWvLlbzVi44Dv64U6nw","zip_recruiter","https://www.ziprecruiter.com/jobs//j?lvk=BngXWvLlbzVi44Dv64U6nw","","Travel Construction Manager - Civil Engineer","Leidos","New York, NY, USA","2025-03-25","","direct_data","yearly",85150.0,153925.0,"USD","","","","agency","","**Description** 



 Leidos is seeking a dynamic
 **Civil Engineer with a construction management background** 
 to join the National Airspace System Integration Support Contract (NISC IV) team.
 




 This position is
 **100% travel** 
 (full time, including weekends) with each assignment typically lasting weeks or months each with expenses reimbursed.
 



  

 Candidate must reside in the Northeast section of the US in one of the following states \\-
   

 Washington DC (DC) 
 



 Virginia (VA)
 



 Maryland (MD)
 



 Massachusetts (MA)
 



 New York (NY)
 



 Pennsylvania (PA)
 



 New Hampshire (NH)
 



 Vermont (VT)
 



 Rhode Island (RI)
 



 Connecticut (CT)
 



 New Jersey (NJ)
 



 Delaware (DE)
 











 In this role you will support the Federal Aviation Administration's (FAA) Eastern Service Area (ESA) performing construction oversight for projects in support of Project Engineers, Contracting Officer’s Representatives, and Contracting Officers. 
 







 The projects support Air Traffic Control facilities over the eastern third of the continental United States plus the Caribbean.
 












**Primary Responsibilities** 



* Ensure general contractor complies with FAA Environmental, Safety, and Health policies.
* Supervise construction of FAA projects on\\-site and provide quality assurance that completed work is compliant the with the plans and specifications.
* Maintain accurate daily records of work accomplished, personnel onsite, weather conditions and other essential details.
* Act as point of contact and coordinate directly with the general contractor.
* Monitor progress against accepted construction schedule, review the general contractor’s progress reports, assess the progress, and inform all stakeholders.
* Discuss deviations from specified construction materials and procedures with project engineer.
* Participate in construction inspections, final inspections, and contract close\\-out activities.
* Prepare sketches, site specific specifications, contract documents and independent cost estimates as needed to support change proposals.
* Perform project management related tasks and communication (including operational risk management plans, safety plans, sequence of work and cutover plans).
* Coordinate and review work permits required for potential hazards such as lead and asbestos that may be encountered during construction.











**Basic Qualifications** 



* **Bachelor of Science in Civil Engineering accredited by the Accreditation Board for Engineering and Technology, Inc. (ABET), with 4 or more years of relevant experience in commercial, industrial, or government facilities construction/maintenance or Masters degree and 2 or more years of relevant experience.**
* Experience with construction methods, plans and specifications, building materials, national consensus codes, and quality management
* Ability to tactfully coordinate with a variety of project stakeholders, peers, and management levels
* Working knowledge of office productivity software such as MS Word and MS Excel
* Must be able to pass an in\\-depth government background check (Public Trust)
* May occasionally be required to work an alternate schedule such as nights/weekends to meet the needs of the construction project
* Must be able to pass pre\\-employment and random drug screening
* Must be able to climb multiple flights of stairs such as those found in Air Traffic Control towers
* May be exposed to challenging environmental conditions such as remote locations, sun, extreme cold, extreme heat, noise, and confined spaces.
* May occasionally be required to wear fall protection systems to access work areas
* Job requires bending, stooping, twisting, turning, and working in unusual positions requiring full body mobility
* Must be able to lift/carry 25 pounds
* Ability to obtain U.S. Passport issued by U.S Dept of State
* Driver’s license issued in the U.S. required
* Mastery of the English language and ability to effectively communicate verbally and in writing











 Preferred Qualifications
 


* Knowledge of  the International Building Codes (IBC) and the National Fire Protection Assoc (NFPA) Codes including NFPA70 \\- National Electric Code.
* Experience with AutoCad or Microstation
* Experience with Primavera or Microsoft Project
* Prior experience working on government projects











 NISC IV
 


**Original Posting:** 
 March 25, 2025
 
 For U.S. Positions: While subject to change based on business needs, Leidos reasonably anticipates that this job requisition will remain open for at least 3 days with an anticipated close date of no earlier than 3 days after the original posting date as listed above.
 






**Pay Range:** 
 Pay Range $85,150\\.00 \\- $153,925\\.00
 




 The Leidos pay range for this job level is a general guideline only and not a guarantee of compensation or salary. Additional factors considered in extending an offer include (but are not limited to) responsibilities of the job, education, experience, knowledge, skills, and abilities, as well as internal equity, alignment with market data, applicable bargaining agreement (if any), or other law.
 



 \\#Remote","","","","","","","","","","","","","",""
"zr-StvVVGQzTlI3N0iiSJTjqw","zip_recruiter","https://www.ziprecruiter.com/jobs//j?lvk=StvVVGQzTlI3N0iiSJTjqw","","Automation Engineer ​​(PLC & HMI Programming / Control Systems)","TriCore","Hillsborough, NJ, USA","2025-03-25","","direct_data","yearly",65000.0,95000.0,"USD","","","","agency","","**Compensation:** 
 $65,000 \\-$95,000 annual salary based on experience.
 



**Location:** 
 Hybrid 2 days a week in our in our Hillsborough, NJ office. Must be willing to travel 25% for customer commissioning of projects (per diem provided).
 



**Job Type:** 
 Full\\-time W\\-2 position with benefits
 



  

**TriCore's Great Benefit Offerings Include:** 



* Stable and growing team (continued growth through COVID)
* Unlimited PTO
* Pet Insurance
* Health Insurance (plans with employer contributions)
* Dental Insurance (plans with employer contributions)
* Vision Insurance (plans with employer contributions)
* 401(k) with a generous employer match
* Paid Holidays
* Short\\-Term \\& Long\\-Term Disability Options
* Fringe Benefits
* Lifestyle Benefits
* Employee Referral Program
* Professional Development Opportunities, and more!







**Automation Engineer Job Summary:** 




 Automation Engineers are responsible for developing multiple projects utilizing a variety of automation technologies and platforms. These technologies are deployed for the control of automated manufacturing processes, such as fluid flow process applications in Food, Dairy, or Beverage manufacturing plants. Automation Engineers are given the opportunity to work on projects from the design and development phase to field installation and commissioning.
 







**Automation Engineer Responsibilities:** 



* PLC Programming (Allen Bradley, Modicon, Siemens, GE)
* HMI Applications (Rockwell, Wonderware, and GE Intellution)
* Commissioning and Startup Activities
	+ Implement the systems programmed at the customer’s facility.
	+ Common startup and commissioning activities include IO checks, water functional testing, and product testing.
	+ Will perform onsite customer training and project warranty support as needed.
* Electrical Design (AutoCAD)
* Project documentation and design specifications







**Automation Engineer Required Qualifications:** 



* 0\\-5 years of experience.
* Bachelor's degree in B.S. in Electrical Engineering or Computer Science, or recent college graduate with internship experience required.
* Experience in PLC programming experience (i.e. utilizing Allen Bradley, Modicon, Siemens, and/or GE).
* HMI application experience (i.e. Rockwell software, GE Intellution, Wonderware, or similar software applications).
* Willing to travel around 20% \\-25% for onsite customer installation and support. Per diem provided. Nights away bonus given for start\\-up and commissioning.
* Knowledge of computer hardware, network technologies, and equipment.
* Knowledge of basic electrical circuits. Ability to understand electrical design for control systems, including components with electrical and mechanical integration.
* Proficiency with technology, including Microsoft Windows, Microsoft Word, Excel, and Outlook.
* Excellent verbal and written communication skills.
* Physical Demands: The ability to occasionally lift and/or move up to 10 pounds while moving files or small packages, and perform tasks that require close vision and the ability to adjust focus.
* Basic understanding of automated fluid processes.







**Automation Engineer Preferred Qualifications:** 



* Prior experience in automation machinery manufacturing for the food and beverage industry is a plus.
* Previous experience in automation machinery for fluid flow processes is a plus.
* Visual Basic and Database Programming is a plus.
* Knowledge and application of complex electrical principles and advanced electrical troubleshooting skills are a plus.







**Who We Are:** 




 TriCore is a U.S.\\-based company established in 1991, serving the food, beverage, and life science industries with custom automation machinery manufacturing solutions and services. While process automation is at the core of our company, we offer clients a full spectrum of services, including network and electrical engineering, visualization software development, business intelligence solutions, process startup and commissioning, calibration services, and our TriCore 24/7 support team (to which this role belongs!).
 



 At TriCore, our slogan ""Programmed to Please"" is not just a phrase; it's an experience our customers enjoy daily through our dedicated team. With under 100 employees, you'll have the opportunity to accelerate your career by gaining exposure to various aspects of the engineering discipline under world\\-class leadership. If you're looking for a company where you can impact customer outcomes and shape your career path while collaborating with talented colleagues, TriCore may be the place for you!
 






*We are proud to be an equal opportunity employer. We provide equal employment opportunities to all employees and applicants for employment and prohibit discrimination and harassment of any type without regard to race, color, religion, age, sex, national origin, disability status, genetics, protected veteran status, sexual orientation, gender identity or expression, or any other characteristic protected by federal, state or local laws.*","","","","","","","","","","","","","",""
"zr-yFjoCCQeyBWMmVEVaMuZJg","zip_recruiter","https://www.ziprecruiter.com/jobs//j?lvk=yFjoCCQeyBWMmVEVaMuZJg","","Devops Engineer -","NYC IT Inc","New York, NY, USA","2025-03-25","fulltime","direct_data","hourly",60.0,70.0,"USD","","","","subs_fulfillment","","* Must have 5 years’ proven experience as a Systems Administrator in Planning, Designing, Configuring, and Managing Server’s Infrastructure



  • Must be DevOps Certified on one, or both, of the primary Cloud Services providers, Azure \\& AWS
   

  • Must have extensive knowledge of Virtualization Technologies in General, not only limited to VMware Products
   

  • Must have extensive knowledge of High Available Environments running on Virtualized Infrastructure 
   

 • Must have extensive knowledge of Server and Storage Hardware 
   

 • Working experience with the following Products and Technologies: Kubernetes (AKS, ARO) Technologies, Cloud Services, Microsoft Windows 2019/2022, VMWare vSphere, Unix/Linux, File System, DNS, WINS, DHCP, TCP/IP, SFTP, Security Diagnostics Tools, User Authentication, Data Management, Password management, Security Stack, Centrify PAM, Strong Scripting (PowerShell, Python, etc.)
   

  • Knowledge of approaches, tools, and techniques for recognizing and resolving technical (hardware, software) problems 
   

 • Strong interpersonal skills, and customer service skills; Ability to multitask and perform in a high\\-paced/high\\-pressure environment 
   

 • Ability to work within a group to solve complex problems 
   

 • Ability to communicate with different levels of the organization
   

 • Strong team player with service\\-oriented attitude and customer focus","","","","","","","","","","","","","",""
"zr-LFu6Le-aIwk3a0BaDpBbMg","zip_recruiter","https://www.ziprecruiter.com/jobs//j?lvk=LFu6Le-aIwk3a0BaDpBbMg","","Recruiter - Construction Management/Engineering","The LiRo Group","New York, NY, USA","2025-03-25","","direct_data","yearly",80000.0,90000.0,"USD","","","","agency","","**Recruiter \\- Construction Management/Engineering** 
  

  

 US\\-NY\\-New York
   

  

**Job ID:** 
 2025\\-3079
   

**Type:** 
 Regular Full\\-Time
   

**\\# of Openings:** 
 1
   

**Category:** 
 Administrative/Clerical
   

 The LiRo Group
   

  

**Overview** 
  

  


 We are seeking a highly organized and detail\\-oriented
 **Office Engineer with experience in recruiting to join our team** 
 . The ideal candidate will have a strong background in engineering and construction management processes, project coordination, and recruitment. This role combines technical expertise in office engineering with the ability to manage the hiring process, ensuring the project is staffed with skilled professionals.
 



  
 



 At LiRo\\-Hill we are looking to build our services and capabilities through the growth of our key asset\\- our staff. Ranked among the nation's top A/E firms by Engineering News\\-Record, LiRo\\-Hill provides construction management, engineering, environmental, architectural, and program management solutions. You can become part of an organization that has a strong track record and is looking to strengthen relationships and capabilities to be a trusted resource for our clients in the public and private sector. We are proud to be known as an
 ***“Integrated Construction, Design and Technology Solutions”***
 firm and we have delivered on that label time and again.
 



  
 



 Recently, Global Infrastructure Solutions Inc. (GISI), the parent company of The LiRo Group and Hill International, Inc. consolidated a portion of the highly experienced staff of both LiRo and Hill in the Northeast to create a larger, more efficient, and cost\\-effective team to serve clients.  LiRo\\-Hill is a 1100\\-person firm with offices in NYC, Long Island, Buffalo, Rochester, Boston and Metro Park, NJ.
 







  

  

**Responsibilities** 
  

  


  
 



**Office Engineering Duties:** 



* Support the team with project planning, scheduling, and coordination
* Assist with reviewing and interpreting drawings, specifications, and project requirements
* Coordinate materials, supplies, and resources to ensure project timelines are met
* Monitor project progress, track deadlines, and report on status to ensure efficiency
* Ensure compliance with industry regulations, quality standards, and safety protocols
* Maintain accurate project documentation, including reports, change orders, and daily logs
* Provide technical assistance to project managers and field teams
* Manage office\\-related operations and processes to support project activities



**Recruiting Duties:** 



* Collaborate with managers to determine staffing needs and create job postings
* Source, screen, and interview candidates for roles, ensuring they meet technical and cultural fit requirements
* Manage the full recruitment cycle, from job postings and resume screening to interview scheduling and offer negotiation
* Coordinate with external recruiting agencies and job boards to attract top talent
* Assist with employee on\\-boarding, ensuring new hires are integrated smoothly into the team
* Develop and implement recruitment strategies to meet the growing needs of the department
* Monitor industry trends and best practices to ensure the company remains competitive in attracting top talent


  

  

**Qualifications** 
  

  

  

  

* Bachelor’s Degree in engineering, construction management, or a related field
* 3\\+ years of experience in office engineering, construction, or project coordination
* 2\\+ years of experience in recruiting, preferably within the engineering or technical fields
* Strong knowledge of engineering processes and project management principles
* Familiarity with recruitment platforms, job boards, and applicant tracking systems
* Excellent communication, interpersonal, and organizational skills
* Proficient in Microsoft Office Suite and project management software
* Ability to work independently and as part of a team in a fast\\-paced environment



**Preferred Qualifications:** 



* Previous experience in a construction or engineering firm.
* Knowledge of HR best practices and labor laws.



  
 



  
 



  
 



**Our Culture:** 




 We believe in the power of collaboration. We work hard to build a corporate culture that empowers all our employees to freely share their ideas, know their presence, and contributions are truly valued, fostering a climate where our employees are enabled to maximize their full potential.
 



  
 



 We are committed to your success, and we invest in your growth and development to unlock your full potential.
 


* Competitive Total Compensation Package
* Employee\\- Only Stock Purchase Plan
* Mentoring programs
* Continuing Education Program
* Employee referral bonus
* Volunteer/Industry association opportunities









  \\- Compensation:  Minimum: $80,000; $90,000\\. 
 **The range provided is the salary that the Firm in good faith believes at the time of this posting is willing to pay for the advertised position.  Exact compensation will be determined on the individual candidates’ qualifications and location.** 




 \\- The selected candidate must be authorized to work in the United States; Visa sponsorship is not available for this role.
 



  
 



 LiRo\\-Hill is an Equal Opportunity Employer. All qualified applicants will receive consideration for employment without regard to age, race, color, creed, religion, national origin, ancestry, marital status, sex, affectional or sexual orientation, gender identity or expression, or protected veteran status; and will not be discriminated against on the basis of disability.
 



  
 



 \\-
 



  
 



 \\#ID22
 



 \\#ZR22
 



  
 



  
 



  
 


  

  

  

  


 PI266201156","","","","","","","","","","","","","",""
"zr-lyqWrbxhdi084z-YrNXbew","zip_recruiter","https://www.ziprecruiter.com/jobs//j?lvk=lyqWrbxhdi084z-YrNXbew","","Senior CNC Programmer","Imperial Machine & Tool Company","Parsippany Troy Hills, NJ, USA","2025-03-24","fulltime","direct_data","hourly",36.0,42.0,"USD","","","","subs_fulfillment","","**CNC MACHINIST PROGRAMMER** 




**Position:** 




 Imperial Machine \\& Tool Co. (“Imperial) is currently looking for talented and experienced CNC Machinist Programmers who have experience creating multi\\-axis CNC programs using CAD/CAM software and setting up and operating CNC machine tools in a busy production environment. Candidates should have the ability to read and understand 2d blueprints, create and manipulate 3d models, understand GD\\&T and be comfortable with standard inspection methods and measuring tools. The programming role is considered part of a front\\-end engineering function and is focused on creating the programs, tool lists, and inspection plans for new jobs and optimizing those aspects of legacy jobs. The candidate will collaborate with setup/operator personnel on the shop floor to successfully get these new parts through first piece inspection.
 



 The position is Full Time with a work schedule of Monday to Friday from 7:00am to 3:30pm with opportunities for overtime as needed. Imperial prefers professional and career\\-minded candidates that are willing to learn and advance within the company. The job requires the candidate to be onsite \\>90% of the time.
 



  

 Job Requirements (CNC Machinist Programmer):
 


* Expert proficiency in all\\-axis programming (3rd, 4th, 5th) of a CNC Milling Machine
* Complete knowledge and experience operating a CNC Milling Machine
* Prior experience working with complex parts and designs
* Keen eye for optimizing programs to decrease cycle time and improve tool life
* Ability to read and understand blueprints
* Ability to create fixtures, part\\-holding, and machining processes from customer\\-supplied blueprints and models to program machine \\& make parts according to specification
* Ability to create in\\-process inspection plans to ensure best\\-in\\-class quality
* Understanding of basic inspection hand tools
* Familiarity with manufacturing safety procedures \\& practices
* Flexibility in working overtime as required
* Effective written and verbal communication skills
* Minimum of 3 years of independent programming experience, with Associate Degree in Mechanical Engineering or Machining apprentice program a strong plus.
* Capable of working in a fast\\-paced environment while maintaining production accuracy
* Work independently while maintaining a clean and safe work area
* Interpret geometric dimensions and tolerances (GD\\&T)
* Understanding of Mastercam \\& Virtual Gibbs software and CNC Codes



  
 



**Benefits Include:** 



* Competitive Hourly Rate based on experience
* Health Insurance
 


	+ HRA Medical Reimbursement Card
	+ Flexible Spending Account (FSA)
* Dental Insurance
* Vision Insurance
* Company Paid Life Insurance
* 401K Retirement Plan with Company Match
* 10 Paid Holidays
* Paid Time Off (15\\+ days per year)
* Company Uniforms and Cleaning Service
* Annual Employee Profit\\-Sharing Potential



 Company History
 



 Imperial Machine \\& Tool Co. is a Busy High Precision Machine Shop located in Columbia, New Jersey just off Route 80 and minutes from the Delaware Water Gap making it convenient for both New Jersey and Pennsylvania candidates.
 



 In continuous operation for 79 years, Imperial is an Advanced Manufacturer with both Haas Multi\\-Axis Machining \\& SLM Metal Additive 3D Printing capabilities that manufactures high\\-quality machined components for the Semiconductor and Technology industries as well as various Military, Aerospace, and R\\&D applications.
 



 Imperial is ISO\\-9001:2015 and AS9100D Certified and takes pride in on\\-time delivery and accuracy.
 





### About Imperial Machine \\& Tool Company:




 In continuous operation for 80 years, Imperial is an Advanced Manufacturer with both Haas Multi\\-Axis Machining \\& SLM Metal Additive 3D Printing capabilities that manufactures high quality machined components for the Semiconductor and Technology industries as well as various Military, Aerospace and R\\&D applications.
   

  

 Imperial is ISO\\-9001:2015 and AS9100D Certified and takes pride in on\\-time delivery and accuracy.","","","","","","","","","","","","","",""
"zr-bcozUpkoRFeR3jVg_Nog9w","zip_recruiter","https://www.ziprecruiter.com/jobs//j?lvk=bcozUpkoRFeR3jVg_Nog9w","","Software Engineer","Bridgewater Overhead Doors","Bridgewater, NJ, USA","2025-03-24","","direct_data","hourly",60.0,95.0,"USD","","","","organic","","Job brief
 
 We are seeking a Software Engineer to execute the full lifecycle of the product development, by programming well\\-designed, efficient, and testable code that meets specifications.
 


 Responsibilities
 * Develop new capabilities and re\\-architect parts of an existing system.
* Take part in test\\-driven, iterative development, prototyping, and reviews with a team of developers.
* Design and code middle and back\\-end in a clean and efficient way.
* Implement scalable and robust services.
* Develop external and internal APIs.
* Develop and run unit and performance tests to ensure scalability and reliability.
* Review and debug code.
* Develops documentation, flowcharts, layouts, diagrams, charts, code comments, and clean code to explain and show solutions.
* Determines and designs system specifications, standards, and programming to prepare and install solutions.


 Requirements
 * Bachelor’s degree in Software Engineering, Information Technology or related field
* Between 1 and 3 years of experience in software engineering
* Experience developing server\\-side web applications in Java
* Experience developing Java Web Services with public API (e.g. REST, SOAP)
* Experience with relational (e.g. MySQL, PostgreSQL) and NoSQL databases (e.g. MongoDB)
* Proficient in object\\-oriented development
* Able to effectively and quickly adopt new technology
* Knowledge of Java frameworks, architecture, and design patterns
* Good communication skills","","","","","","","","","","","","","",""
